{"cameraMode":{"drawMode":0,"name":"Shaded","section":"Shading Mode"},"sceneLighting":true,"audioPlay":false,"sceneViewState":{"showFog":true,"showMaterialUpdate":true,"showSkybox":false,"showFlares":true,"showImageEffects":true,"showParticleSystems":true},"in2DMode":false,"pivot":{"x":-14.522735595703125,"y":1.2710533142089844,"z":10.30950927734375},"rotation":{"x":0.03986762464046478,"y":0.9575408101081848,"z":-0.23464250564575196,"w":0.16269338130950929},"size":2280.784912109375,"orthographic":false}