{"cameraMode":{"drawMode":0,"name":"Shaded","section":"Shading Mode"},"sceneLighting":false,"audioPlay":false,"sceneViewState":{"showFog":false,"showMaterialUpdate":false,"showSkybox":true,"showFlares":false,"showImageEffects":false,"showParticleSystems":false},"in2DMode":false,"pivot":{"x":1.9999990463256837,"y":2.8951072692871095,"z":140.722900390625},"rotation":{"x":-0.20087257027626038,"y":0.24164839088916779,"z":-0.05120494216680527,"w":-0.947963297367096},"size":28.04983139038086,"orthographic":false}