{"cameraMode":{"drawMode":0,"name":"Shaded","section":"Shading Mode"},"sceneLighting":false,"audioPlay":false,"sceneViewState":{"showFog":true,"showMaterialUpdate":false,"showSkybox":true,"showFlares":true,"showImageEffects":true,"showParticleSystems":true},"in2DMode":false,"pivot":{"x":-1.0820140838623047,"y":-0.17919301986694337,"z":61.02513122558594},"rotation":{"x":-0.10169416666030884,"y":0.597955584526062,"z":-0.0768435075879097,"w":-0.7913296818733215},"size":4.911190986633301,"orthographic":false}