{"cameraMode":{"drawMode":0,"name":"Shaded","section":"Shading Mode"},"sceneLighting":false,"audioPlay":false,"sceneViewState":{"showFog":true,"showMaterialUpdate":false,"showSkybox":true,"showFlares":true,"showImageEffects":true,"showParticleSystems":true},"in2DMode":false,"pivot":{"x":1.9001224040985108,"y":2.805835723876953,"z":141.06442260742188},"rotation":{"x":-0.029321754351258279,"y":0.9646891355514526,"z":-0.12219823151826859,"w":-0.23147957026958466},"size":126.98597717285156,"orthographic":false}